<?xml version="1.0" encoding="utf-8" standalone="yes" ?>
<rss version="2.0" xmlns:atom="http://www.w3.org/2005/Atom">
  <channel>
    <title>Publication_types | Randy Ardywibowo</title>
    <link>http://people.tamu.edu/~randyardywibowo/publication_types/</link>
      <atom:link href="http://people.tamu.edu/~randyardywibowo/publication_types/index.xml" rel="self" type="application/rss+xml" />
    <description>Publication_types</description>
    <generator>Wowchemy (https://wowchemy.com)</generator><language>en-us</language><copyright>© 2021 Randy Ardywibowo</copyright><lastBuildDate>Sat, 21 Nov 2020 00:00:00 +0000</lastBuildDate>
    <image>
      <url>http://people.tamu.edu/~randyardywibowo/media/icon_hu2d133e36a3bc1d258e5bb52f2c61da77_6522_512x512_fill_lanczos_center_2.png</url>
      <title>Publication_types</title>
      <link>http://people.tamu.edu/~randyardywibowo/publication_types/</link>
    </image>
    
  </channel>
</rss>
