[{"authors":null,"categories":null,"content":"I am a PhD candidate in the Biomedical \u0026amp; Genomic Signal Processing (GSP) Lab in Texas A\u0026amp;M University’s Electrical and Computer Engineering Department, with Professor Xiaoning Qian as my advisor.\nMy current interests are in uncertainty quantification in machine learning, with applications to time-series prediction, computer vision, energy-efficient ML, anomaly detection, continual learning, deep model compression, and healthcare.\n  Download my resumé.\n","date":1605916800,"expirydate":-62135596800,"kind":"term","lang":"en","lastmod":1605916800,"objectID":"2525497d367e79493fd32b198b28f040","permalink":"","publishdate":"0001-01-01T00:00:00Z","relpermalink":"","section":"authors","summary":"I am a PhD candidate in the Biomedical \u0026amp; Genomic Signal Processing (GSP) Lab in Texas A\u0026amp;M University’s Electrical and Computer Engineering Department, with Professor Xiaoning Qian as my advisor.","tags":null,"title":"Randy Ardywibowo","type":"authors"},{"authors":[],"categories":null,"content":" Click on the Slides button above to view the built-in slides feature.   Slides can be added in a few ways:\n Create slides using Wowchemy\u0026rsquo;s Slides feature and link using slides parameter in the front matter of the talk file Upload an existing slide deck to static/ and link using url_slides parameter in the front matter of the talk file Embed your slides (e.g. Google Slides) or presentation video on this page using shortcodes.  Further event details, including page elements such as image galleries, can be added to the body of this page.\n","date":1906549200,"expirydate":-62135596800,"kind":"page","lang":"en","lastmod":1906549200,"objectID":"a8edef490afe42206247b6ac05657af0","permalink":"http://people.tamu.edu/~randyardywibowo/talk/example-talk/","publishdate":"2017-01-01T00:00:00Z","relpermalink":"/~randyardywibowo/talk/example-talk/","section":"event","summary":"An example talk using Wowchemy's Markdown slides feature.","tags":[],"title":"Example Talk","type":"event"},{"authors":["Randy Ardywibowo","Shahin Boluki","Zhangyang Wang","Bobak Mortazavi","Shuai Huang","Xiaoning Qian"],"categories":null,"content":"","date":1605916800,"expirydate":-62135596800,"kind":"page","lang":"en","lastmod":1605916800,"objectID":"6393c92adf923dafd85dcabfd2d77369","permalink":"http://people.tamu.edu/~randyardywibowo/publication/adaptive-monitoring/","publishdate":"2017-01-01T00:00:00Z","relpermalink":"/~randyardywibowo/publication/adaptive-monitoring/","section":"publication","summary":"In many machine learning tasks, input features with varying degrees of predictive capability are usually acquired at some cost. For example, in human activity recognition (HAR) and mobile health (mHealth) applications, monitoring performance should be achieved with a low cost to gather different sensory features, as maintaining sensors incur monetary, computation, and energy cost. We propose an adaptive feature selection method that dynamically selects features for prediction at any given time point. We formulate this problem as an  minimization problem across time, and cast the combinatorial optimization problem into a stochastic optimization formulation. We then utilize a differentiable relaxation to make the problem amenable to gradient-based optimization. Our evaluations on four activity recognition datasets show that our method achieves a favorable trade-off between performance and the number of features used. Moreover, the dynamically selected features of our approach are shown to be interpretable and associated with the actual activity types.slides: \"\"","tags":[],"title":"Dynamic Feature Selection for Efficient and Interpretable Human Activity Recognition ","type":"publication"},{"authors":["Randy Ardywibowo","Shahin Boluki","Xinyu Gong","Zhangyang Wang","Xiaoning Qian"],"categories":null,"content":"","date":1605916800,"expirydate":-62135596800,"kind":"page","lang":"en","lastmod":1605916800,"objectID":"d4a47524a10ded808d4b29e10dcfccd4","permalink":"http://people.tamu.edu/~randyardywibowo/publication/nads/","publishdate":"2017-01-01T00:00:00Z","relpermalink":"/~randyardywibowo/publication/nads/","section":"publication","summary":"Machine learning (ML) systems often encounter Out-of-Distribution (OoD) errors when dealing with testing data coming from a distribution different from training data. It becomes important for ML systems in critical applications to accurately quantify its predictive uncertainty and screen out these anomalous inputs. However, existing OoD detection approaches are prone to errors and even sometimes assign higher likelihoods to OoD samples. Unlike standard learning tasks, there is currently no well established guiding principle for designing OoD detection architectures that can accurately quantify uncertainty. To address these problems, we first seek to identify guiding principles for designing uncertainty-aware architectures, by proposing Neural Architecture Distribution Search (NADS). NADS searches for a distribution of architectures that perform well on a given task, allowing us to identify common building blocks among all uncertainty-aware architectures. With this formulation, we are able to optimize a stochastic OoD detection objective and construct an ensemble of models to perform OoD detection. We perform multiple OoD detection experiments and observe that our NADS performs favorably, with up to 57% improvement in accuracy compared to state-of-the-art methods among 15 different testing configurations.","tags":[],"title":"NADS: Neural Architecture Distribution Search for Uncertainty Awareness","type":"publication"},{"authors":["Shahin Boluki","Randy Ardywibowo","Siamak Zamani Dadaneh","Mingyuan Zhou","Xiaoning Qian"],"categories":null,"content":"","date":1591142400,"expirydate":-62135596800,"kind":"page","lang":"en","lastmod":1591142400,"objectID":"a0abaf5062a90f076c0a756633a8654c","permalink":"http://people.tamu.edu/~randyardywibowo/publication/lbd/","publishdate":"2017-01-01T00:00:00Z","relpermalink":"/~randyardywibowo/publication/lbd/","section":"publication","summary":"In this work, we propose learnable Bernoulli dropout (LBD), a new model-agnostic dropout scheme that considers the dropout rates as parameters jointly optimized with other model parameters. By probabilistic modeling of Bernoulli dropout, our method enables more robust prediction and uncertainty quantification in deep models. Especially, when combined with variational auto-encoders (VAEs), LBD enables flexible semi-implicit posterior representations, leading to new semi-implicit VAE (SIVAE) models. We solve the optimization for training with respect to the dropout parameters using Augment-REINFORCE-Merge (ARM), an unbiased and low-variance gradient estimator. Our experiments on a range of tasks show the superior performance of our approach compared with other commonly used dropout schemes. Overall, LBD leads to improved accuracy and uncertainty estimates in image classification and semantic segmentation. Moreover, using SIVAE, we can achieve state-of-the-art performance on collaborative filtering for implicit feedback on several public datasets.","tags":[],"title":"Learnable Bernoulli Dropout for Bayesian Deep Learning","type":"publication"},{"authors":["Jiang, Ziyu","Ardywibowo, Randy","Samereh, Aven","Evans, Heather L","Lober, William B","Chang, Xiangyu","Qian, Xiaoning","Wang, Zhangyang","Huang, Shuai"],"categories":null,"content":"","date":1569888000,"expirydate":-62135596800,"kind":"page","lang":"en","lastmod":1569888000,"objectID":"633d5a106792e7696a0d39a4c99fb86f","permalink":"http://people.tamu.edu/~randyardywibowo/publication/roadmap/","publishdate":"2017-01-01T00:00:00Z","relpermalink":"/~randyardywibowo/publication/roadmap/","section":"publication","summary":"Background: Emerging technologies such as smartphones and wearable sensors have enabled the paradigm shift to new patient-centered healthcare, together with recent mobile health (mHealth) app development. One such promising healthcare app is incision monitoring based on patient-taken incision images. In this review, challenges and potential solution strategies are investigated for surgical site infection (SSI) detection and evaluation using surgical site images taken at home.\nMethods: Potential image quality issues, feature extraction, and surgical site image analysis challenges are discussed. Recent image analysis and machine learning solutions are reviewed to extract meaningful representations as image markers for incision monitoring. Discussions on opportunities and challenges of applying these methods to derive accurate SSI prediction are provided.\nConclusions: Interactive image acquisition as well as customized image analysis and machine learning methods for SSI monitoring will play critical roles in developing sustainable mHealth apps to achieve the expected outcomes of patient-taken incision images for effective out-of-clinic patient-centered healthcare with substantially reduced cost.","tags":[],"title":"A Roadmap for Automatic Surgical Site Infection Detection and Evaluation Using User-Generated Incision Images","type":"publication"},{"authors":["Randy Ardywibowo","Guang Zhao","Zhangyang Wang","Bobak Mortazavi","Shuai Huang","Xiaoning Qian"],"categories":null,"content":"","date":1554940800,"expirydate":-62135596800,"kind":"page","lang":"en","lastmod":1554940800,"objectID":"1efb98e8c98bb1cb5bf11d0e142fae6f","permalink":"http://people.tamu.edu/~randyardywibowo/publication/switching-gp/","publishdate":"2017-01-01T00:00:00Z","relpermalink":"/~randyardywibowo/publication/switching-gp/","section":"publication","summary":"Emerging wearable sensors have enabled the unprecedented ability to continuously monitor human activities for healthcare purposes. However, with so many ambient sensors collecting different measurements, it becomes important not only to maintain good monitoring accuracy, but also low power consumption to ensure sustainable monitoring. This power-efficient sensing scheme can be achieved by deciding which group of sensors to use at a given time, requiring an accurate characterization of the trade-off between sensor energy usage and the uncertainty in ignoring certain sensor signals while monitor-ing. To address this challenge in the context of activity monitoring, we have designed an adaptive activity monitoring framework. We first propose a switching Gaussian process to model the observed sensor signals emitting from the underlying activity states. To efficiently compute the Gaussian process model likelihood and quantify the context prediction uncertainty, we propose a block circulant embedding technique and use Fast Fourier Transforms (FFT) for inference. By computing the Bayesian loss function tailored to switching Gaussian processes, an adaptive monitoring procedure is developed to select features from available sensors that optimize the trade-off between sensor power consumption and the prediction performance quantified by state prediction entropy. We demonstrate the effectiveness of our framework on the popular benchmark of UCI Human Activity Recognition using Smartphones.","tags":[],"title":"Adaptive Activity Monitoring with Uncertainty Quantification in Switching Gaussian Process Models","type":"publication"},{"authors":["Randy Ardywibowo","Shuai Huang","Shupeng Gui","Cao Xiao","Yu Cheng","Ji Liu","Xiaoning Qian"],"categories":null,"content":"","date":1522368000,"expirydate":-62135596800,"kind":"page","lang":"en","lastmod":1522368000,"objectID":"ac06fb86638a37c3b844fbe59f8d3228","permalink":"http://people.tamu.edu/~randyardywibowo/publication/switching-state/","publishdate":"2017-01-01T00:00:00Z","relpermalink":"/~randyardywibowo/publication/switching-state/","section":"publication","summary":"Emerging wearable and environmental sensor technologies provide health professionals with unprecedented capacity to continuously collect human behavioral data for health monitoring and management. This enables new solutions to mitigate globally emerging health problems such as obesity. With such outburst of dynamic sensor data, it is critical that appropriate mathematical models and computational methods are developed to translate the collected data into accurate characterization of the underlying health dynamics, enabling more reliable personalized monitoring, prediction, and intervention of health status changes. In addition to addressing common analytic challenges in analyzing sensor behavioral data, such as missing values and outliers, we focus on modeling heterogeneous dynamics to better capture health status changes under different conditions, which may lead to more effective state-dependent intervention strategies. We implement switching-state dynamic system models with different complexity levels on real-world daily behavioral data. Evaluation experiments of these models are conducted to demonstrate the importance of modeling the dynamic heterogeneity, as well as simultaneously conducting missing value imputation and outlier detection in achieving interpretable health dynamic models with better prediction of health status changes.","tags":[],"title":"Switching-State Dynamical Modeling of Daily Behavioral Data","type":"publication"},{"authors":null,"categories":null,"content":"I have recently developed a Content Management System (CMS) from scratch specifically made for Frank\u0026rsquo;s artwork, travel pictures, and writing. I designed his website from scratch using barebones frontend/backend libraries as a challenge. [Website] [Source Code].\nFrank was a professor in sociology in College Station who has a lot of artwork, writing, and travel photos. His home was practically a museum! He was looking to update his previous website, as it had become outdated. It didn\u0026rsquo;t support different viewports (tablets and phones) and it was a total pain to edit/add items to his website (he had to hire a person to do it for him).\nThe requirements for his website were particularly demanding. In addition to being responsive and working with different screen sizes, it also had to be editable. Moreover, the website was a sort of niche thing for Frank, so he didn\u0026rsquo;t want to spent a lot of money maintaining it. Finally, Frank wanted the ability to edit the website by himself, so the editing interface needed to be beautiful and fool-proof.\nNot finding a simple solution for the above requirements, this led me to develop a website and a CMS from scratch. Here are the requirements I laid out in building this website:\n Editable Dynamic/Responsive Supports different screen sizes Modern/minimalistic style Easy editing user interface  In hindsight, the requirements were very demanding to pull off compared to the commission he gave me :P. However, I enjoyed the entire process and I have become very comfortable with the entire process of making web apps fullstack.\nMethodology Main Framework The main framework I used for this project is Meteor. This is an all-in-one framework that supports frontend and backend development. I used the Meteor Angular version of this framework and wrote it primarily in TypeScript.\nIt is very useful if you want to quickly develop a web app that supports common features such as user accounts, reactive updates, database storage, etc.\nFront End  Angular 2  I used Angular due to its support for modular components. Arguably, I read that React has the same features. However, I am more familiar with Angular\u0026rsquo;s syntax from previous experience. Moreover, Angular officially supports Material Design templates.\n Material 2  In this project, I wanted to go for a minimalistic design with primarily black and white colors to contrast the colorful pictures Frank has. In my opinion, Material design achieves this effect quite naturally.\n Bourbon Neat  Bourbon Neat is a great tool for general purpose CSS commands such as creating columns, assigning animations, and adjusting element proportions. It is style agnostic unlike Bootstrap which makes it less redundant when used with Material Design.\nBack End  MongoDB  I used MongoDB for the database. It is very nice to get a new app up and running quickly. Adding new fields is as simple as just changing the model code in one file. Deployment wasn\u0026rsquo;t too difficult either, due to Meteor\u0026rsquo;s support of this database.\n RxJS  RxJS is used to support reactive updates between backend and frontend. It is very cool to see the web app update by itself on one window when you change something in another. All without any browser refresh! Meteor\u0026rsquo;s support for this framework was also good, although it takes some getting used to.\nEspecially strange concepts to grasp are observables, which are like promises but you need to code them just right to make it work.\n NginX  NginX is used to run the web app during deployment. To be honest, the entire DevOps process was a complete pain. Thankfully, a lot of tutorials help you on this issue.\nHosting Service I used Digital Ocean to host the web app on Ubuntu Linux 14.04. It is very cheap for the quality. In fact, I think it may be the cheapest. No fluff and nothing you don\u0026rsquo;t need. In fact, due to many great free software, anything you need to track your website can be installed from the Terminal.\nScreenshots An example of the main view of the dashboard is shown below\nWhen an artwork is clicked on the dashboard, a modal is presented and we can edit it on the spot:\nAdding and removing artwork to an album is done through a list images in that category/album:\nThe dropdown menu that displays album contents also contain album edit features:\n","date":1503230400,"expirydate":-62135596800,"kind":"page","lang":"en","lastmod":1503230400,"objectID":"a0ea4c8c7e0bb20b99fa21638cf53864","permalink":"http://people.tamu.edu/~randyardywibowo/post/frank-stanford/","publishdate":"2017-08-20T12:00:00Z","relpermalink":"/~randyardywibowo/post/frank-stanford/","section":"post","summary":"I have recently developed a Content Management System (CMS) from scratch specifically made for Frank's artwork, travel pictures, and writing. I designed his website from scratch using barebones frontend/backend libraries as a challenge. [[Website](http://frankstanford.com)] [[Source Code](https://github.com/ardywibowo/FrankCMS)].\n","tags":["freelance","awesome"],"title":"Frank Stanford's New Editable Website with Meteor","type":"post"},{"authors":["Randy Ardywibowo"],"categories":null,"content":"","date":1493942400,"expirydate":-62135596800,"kind":"page","lang":"en","lastmod":1493942400,"objectID":"7a695d15a3fe7f9d8884906ba0951e76","permalink":"http://people.tamu.edu/~randyardywibowo/publication/analyzing-daily-behavioral-data-for-personalized-health-management/","publishdate":"2017-01-01T00:00:00Z","relpermalink":"/~randyardywibowo/publication/analyzing-daily-behavioral-data-for-personalized-health-management/","section":"publication","summary":"Emerging wearable and environmental sensor technologies provide health professionals with unprecedented capacity to continuously collect human behavior data for health monitoring and management. This enables new solutions to mitigate globally emerging health problems such as obesity. With such outburst of dynamic sensor data, it is critical that appropriate mathematical models and computational analytic methods are developed to translate the collected data into an accurate characterization of the underlying health dynamics, enabling more reliable personalized monitoring, prediction, and intervention of health status changes. However, several challenges arise in translating them effectively into personalized activity plans. Besides common analytic challenges that come from the missing values and outliers often seen in sensor behavior data, modeling the complex health dynamics with potential influence from human daily behaviors also pose significant challenges. We address these challenges as follows: We firstly explore existing missing value imputation and outlier detection preprocessing methods. We compare these methods with a recently developed dynamic system learning method – SSMO – that learns a personalized behavior model from real-world sensor data while simultaneously estimating missing values and detecting outliers. We then focus on modeling heterogeneous dynamics to better capture health status changes under different conditions, which may lead to more effective state-dependent intervention strategies. We implement switching-state dynamic models with different complexity levels on real-world daily behavior data. Finally, we conducted evaluation experiments of these models to demonstrate the importance of modeling the dynamic heterogeneity, as well as simultaneously conducting missing value imputation and outlier detection in achieving better prediction of health status changes.","tags":[],"title":"Analyzing Daily Behavioral Data for Personalized Health Management","type":"publication"},{"authors":null,"categories":null,"content":"Final senior design project sponsored by Texas Instruments. I created a web app that connects with a mesh network Internet of Things (IoT) through Amazon Web Service (AWS). [Report] [Source Code] [Video] [Jason Barn].\nTeam Composition The team consisted of 4 people:\n Jeff Bartlett: Mesh Network Subsystem Connor Furqueron: Power Subsystem Charles Anderson: Microcontroller Subsystem Randy Ardywibowo: Data Analysis/App Development  Methodology In the following video, I have laid out the general procedure of the data processing part of this project. It mainly consists of data generation, optimal sensor placement, and trilateration algorithm.\n  An example of the main view of the web app is shown below: Reflection In the end, despite team difficulties, we finished an interesting IoT application.\nHere is a cool advertisement video/movie of our project. To be honest, the video doesn\u0026rsquo;t contain a lot of technical merit, but I would be wrong if I said that it isn\u0026rsquo;t amazing. Enjoy :).\n  ","date":1490702400,"expirydate":-62135596800,"kind":"page","lang":"en","lastmod":1490702400,"objectID":"f8540bdb0a725604fa716838aa4630e0","permalink":"http://people.tamu.edu/~randyardywibowo/post/ranch-hand/","publishdate":"2017-03-28T12:00:00Z","relpermalink":"/~randyardywibowo/post/ranch-hand/","section":"post","summary":"Final senior design project sponsored by Texas Instruments. I created a web app that connects with a mesh network Internet of Things (IoT) through Amazon Web Service (AWS). [[Report](/papers/ranch-hand.pdf)] [[Source Code](https://github.com/ardywibowo/RanchHand)] [[Video](https://www.youtube.com/watch?v=GD-po7wXn5k)] [[Jason Barn](https://www.youtube.com/watch?v=EMdEP-M_pK0)].\n","tags":["school"],"title":"Ranch Hand: Monitoring Livestock in an Open Field","type":"post"},{"authors":null,"categories":null,"content":"My friend had recently asked me to help him with benchmarking this visual saliency method. I thought that the results were cool and decided to post it here. The project page with code + paper is here.\nFrom my understanding, visual saliency captures the subjective \u0026ldquo;attention\u0026rdquo; that a human would have when shown a certain picture. For example, we are attracted towards more \u0026ldquo;foreground\u0026rdquo; objects rather than background objects, objects that have stark contrasts, sharp textures, etc. Briefly reading the paper, Perazzi achieves this by constructing a \u0026ldquo;uniqueness\u0026rdquo; measure on each section in the entire image. Sections/superpixels are divided with K-means clustering. Pretty neat.\n","date":1480766400,"expirydate":-62135596800,"kind":"page","lang":"en","lastmod":1480766400,"objectID":"a243f80b6dd332d61de6637bb02275d9","permalink":"http://people.tamu.edu/~randyardywibowo/post/visual-saliency-test/","publishdate":"2016-12-03T12:00:00Z","relpermalink":"/~randyardywibowo/post/visual-saliency-test/","section":"post","summary":"I recently helped my friend with testing Federico Perazzi's saliency filters. [[Code + Paper](https://graphics.ethz.ch/~perazzif/saliency_filters/)]. \n","tags":["freelance"],"title":"Visual Saliency Test","type":"post"},{"authors":null,"categories":null,"content":"I constructed a 3D representation of bone structure from ultrasound images. The ultrasound images were denoised using a Gabor filter based Generalized Linear Model (GLM) trained on a ground truth cross-section of bone image. [Code] [Report].\nMethodology Reflection ","date":1480507200,"expirydate":-62135596800,"kind":"page","lang":"en","lastmod":1480507200,"objectID":"20153948bb4fb595af8eea53436d89df","permalink":"http://people.tamu.edu/~randyardywibowo/post/bone-reconstruction/","publishdate":"2016-11-30T12:00:00Z","relpermalink":"/~randyardywibowo/post/bone-reconstruction/","section":"post","summary":"I constructed a 3D representation of bone structure from ultrasound images. The ultrasound images were denoised using a Gabor filter based Generalized Linear Model (GLM) trained on a ground truth cross-section of bone image. [[Code](https://github.com/ardywibowo/BoneReconstruction)] [[Report](/papers/GaborBone.pdf)].\n\n","tags":["school"],"title":"Bone Reconstruction from Ultrasound Imagery","type":"post"},{"authors":null,"categories":null,"content":"We developed a robot that automatically finds lights in a building using a camera and identifies their types using a spectrometer. The robot localizes itself and creates a map of the building through Simultaneous Localization and Mapping (SLAM) using a distance sensor. Developed wih C++ using OpenCV on the ROS platform. [Video] [Demo] [Report] [Poster].\nTeam Composition Methodology Reflection This was an important experience for me, as it was in this team that I met someone who was really passionate in doing research. He would ultimately influence my passion to do research.\n","date":1462276800,"expirydate":-62135596800,"kind":"page","lang":"en","lastmod":1462276800,"objectID":"abe3bb5ec61014d9cc4af0cb29caaf70","permalink":"http://people.tamu.edu/~randyardywibowo/post/autonomous-lighting-audits/","publishdate":"2016-05-03T12:00:00Z","relpermalink":"/~randyardywibowo/post/autonomous-lighting-audits/","section":"post","summary":"We developed a robot that automatically finds lights in a building using a camera and identifies their types using a spectrometer. The robot localizes itself and creates a map of the building through Simultaneous Localization and Mapping (SLAM) using a distance sensor. Developed wih C++ using OpenCV on the ROS platform. [[Video](https://www.youtube.com/watch?v=1QDfSND6hYo)] [[Demo](https://www.youtube.com/watch?v=1x_Wfi2md0A)] [[Report](/papers/Spring2016ReportPlus.pdf)] [[Poster](/papers/AggiE_ChallengePoster.pdf)].\n","tags":["awesome","blog"],"title":"Autonomous Lighting Audits","type":"post"},{"authors":null,"categories":null,"content":"Lorem ipsum dolor sit amet, consectetur adipiscing elit. Duis posuere tellus ac convallis placerat. Proin tincidunt magna sed ex sollicitudin condimentum. Sed ac faucibus dolor, scelerisque sollicitudin nisi. Cras purus urna, suscipit quis sapien eu, pulvinar tempor diam. Quisque risus orci, mollis id ante sit amet, gravida egestas nisl. Sed ac tempus magna. Proin in dui enim. Donec condimentum, sem id dapibus fringilla, tellus enim condimentum arcu, nec volutpat est felis vel metus. Vestibulum sit amet erat at nulla eleifend gravida.\nNullam vel molestie justo. Curabitur vitae efficitur leo. In hac habitasse platea dictumst. Sed pulvinar mauris dui, eget varius purus congue ac. Nulla euismod, lorem vel elementum dapibus, nunc justo porta mi, sed tempus est est vel tellus. Nam et enim eleifend, laoreet sem sit amet, elementum sem. Morbi ut leo congue, maximus velit ut, finibus arcu. In et libero cursus, rutrum risus non, molestie leo. Nullam congue quam et volutpat malesuada. Sed risus tortor, pulvinar et dictum nec, sodales non mi. Phasellus lacinia commodo laoreet. Nam mollis, erat in feugiat consectetur, purus eros egestas tellus, in auctor urna odio at nibh. Mauris imperdiet nisi ac magna convallis, at rhoncus ligula cursus.\nCras aliquam rhoncus ipsum, in hendrerit nunc mattis vitae. Duis vitae efficitur metus, ac tempus leo. Cras nec fringilla lacus. Quisque sit amet risus at ipsum pharetra commodo. Sed aliquam mauris at consequat eleifend. Praesent porta, augue sed viverra bibendum, neque ante euismod ante, in vehicula justo lorem ac eros. Suspendisse augue libero, venenatis eget tincidunt ut, malesuada at lorem. Donec vitae bibendum arcu. Aenean maximus nulla non pretium iaculis. Quisque imperdiet, nulla in pulvinar aliquet, velit quam ultrices quam, sit amet fringilla leo sem vel nunc. Mauris in lacinia lacus.\nSuspendisse a tincidunt lacus. Curabitur at urna sagittis, dictum ante sit amet, euismod magna. Sed rutrum massa id tortor commodo, vitae elementum turpis tempus. Lorem ipsum dolor sit amet, consectetur adipiscing elit. Aenean purus turpis, venenatis a ullamcorper nec, tincidunt et massa. Integer posuere quam rutrum arcu vehicula imperdiet. Mauris ullamcorper quam vitae purus congue, quis euismod magna eleifend. Vestibulum semper vel augue eget tincidunt. Fusce eget justo sodales, dapibus odio eu, ultrices lorem. Duis condimentum lorem id eros commodo, in facilisis mauris scelerisque. Morbi sed auctor leo. Nullam volutpat a lacus quis pharetra. Nulla congue rutrum magna a ornare.\nAliquam in turpis accumsan, malesuada nibh ut, hendrerit justo. Cum sociis natoque penatibus et magnis dis parturient montes, nascetur ridiculus mus. Quisque sed erat nec justo posuere suscipit. Donec ut efficitur arcu, in malesuada neque. Nunc dignissim nisl massa, id vulputate nunc pretium nec. Quisque eget urna in risus suscipit ultricies. Pellentesque odio odio, tincidunt in eleifend sed, posuere a diam. Nam gravida nisl convallis semper elementum. Morbi vitae felis faucibus, vulputate orci placerat, aliquet nisi. Aliquam erat volutpat. Maecenas sagittis pulvinar purus, sed porta quam laoreet at.\n","date":1461715200,"expirydate":-62135596800,"kind":"page","lang":"en","lastmod":1461715200,"objectID":"e8f8d235e8e7f2efd912bfe865363fc3","permalink":"http://people.tamu.edu/~randyardywibowo/project/example/","publishdate":"2016-04-27T00:00:00Z","relpermalink":"/~randyardywibowo/project/example/","section":"project","summary":"An example of using the in-built project page.","tags":["Deep Learning"],"title":"Example Project","type":"project"},{"authors":null,"categories":null,"content":"I helped my friend\u0026rsquo;s startup company developing an app for news and donations from local religious institutions. [Website] [Apple Store] [Android].\nMethodology Reflection ","date":1453982400,"expirydate":-62135596800,"kind":"page","lang":"en","lastmod":1453982400,"objectID":"70cff17de38df392d01bafb16a185f72","permalink":"http://people.tamu.edu/~randyardywibowo/post/masjid-pay/","publishdate":"2016-01-28T12:00:00Z","relpermalink":"/~randyardywibowo/post/masjid-pay/","section":"post","summary":"I helped my friend's startup company developing an app for news and donations from local religious institutions. [[Website](https://masjidpay.com/)] [[Apple Store](https://itunes.apple.com/us/app/masjidpay/id1109868571?mt=8)] [[Android](https://play.google.com/store/apps/details?id=com.abangfadli.masjidpay\u0026hl=en)].\n","tags":["freelance","awesome"],"title":"MasjidPay: News, Events, and Donations from your Local Religious Institution","type":"post"},{"authors":["Randy Ardywibowo"],"categories":[],"content":"“A lesson without pain is meaningless”. I have always heeded that saying throughout my life. However, only after my experiences in the summer and fall of 2014 could I begin to understand the gravity of that phrase.\nEntering Texas A\u0026amp;M University in fall of 2013, I thought I could achieve anything. I was determined to start researching under a professor, volunteer or intern for a job in my field, and find a scholarship to lighten my parents’ burden in funding my out-of-state tuition. However, none of these had happened to my expectations. Although I volunteered as a web designer, the position was not what I had expected, working alone and requiring a lot of trial and error to get anything done. Even though I searched for a research position since fall of 2013, I had no luck in getting one. To top it all off, all of my scholarship applications got rejected and I was still burdening my parents’ with my expensive tuition as of summer of 2014.\nWith these problems in my mind, the summer of 2014 was a very depressing period for me. Despite working hard and maintaining a perfect GPA, none of the great things I dreamt of came to fruition. I became disillusioned about life. Without any willpower left, I spent most of my summer alone in my apartment wasting my life.\nOne day, I was surprised by a call from my brother, who had gone to California for an internship. He asked me if I wanted to travel there to spend time with him. Without anything to do in College Station, I accepted his offer without hesitation and flew there the following week. However, we had only spent one day together until we started arguing. In hindsight, I realize that I was the one who started it because I was unable to wake up to the travel itinerary we had set beforehand. Fueled by my depression, the fight was one of the worst fights I had with my brother. I finally decided to part ways with him and traveled on my own.\nTraveling alone, I didn’t know what to do. I knew I had nothing to do back in College Station, but I was not sure what to do alone in California. I started walking. I’m not sure where I was going but I knew I couldn’t stay in the same place forever. Unknown to me at the time, this was one of the most important decisions in my life. Walking from one city to the next, I had time to think about my life and got to meet very interesting people along the way, renewing my determination and my point of view on life. With my willpower rekindled, I decided to take a train back to College Station.\nBack in College Station for my fall term, I had managed to get a research position on a topic I was interested in. I knew then that I was on the right track. However, research wasn’t as simple as I had initially thought. It took up a lot of my time and although it was very interesting, I was more concerned about the out-of-state tuition my parents still had to cover. I thought about dropping the research position and get a paying job in the library to help my parents, but decided against it, believing that I was still doing the right thing with my research.\nLuckily, I made the right decision. The department of Electrical and Computer Engineering was offering scholarships to undergraduates conducting research. I applied for this program with my research and received a scholarship which qualified for instate tuition.\nI have learned a lot going through these challenges. I gained resilience, to always stand strong in the face of overwhelming odds. I learned patience. I realize that when things didn’t go my way, I got impatient and that caused my depression. Finally, I learned humility. I couldn’t have achieved anything without my friends and family, even my brother, who drove me to contemplate about my life while traveling alone.\nThere’s no such thing as a painless lesson. For you can’t gain anything without sacrificing something else in return. However, once you have endured that pain and overcome it, you’ll now find that you have a heart strong enough to overcome any obstacle.\n","date":1422433366,"expirydate":-62135596800,"kind":"page","lang":"en","lastmod":1422433366,"objectID":"78b61d1801c9cb63a3de568bb4ef156e","permalink":"http://people.tamu.edu/~randyardywibowo/post/a-lesson-without-pain-is-meaningless/","publishdate":"2015-01-28T08:22:46.794Z","relpermalink":"/~randyardywibowo/post/a-lesson-without-pain-is-meaningless/","section":"post","summary":"“A lesson without pain is meaningless”. I have always heeded that saying throughout my life. However, only after my experiences in the summer and fall of 2014 could I begin to understand the gravity of that phrase.","tags":["blog"],"title":"A Lesson Without Pain is Meaningless","type":"post"},{"authors":["Randy Ardywibowo"],"categories":[],"content":"In fall of 2014, I conducted research under Dr. Robin Murphy. This research was in the field of emergency informatics. In particular, I was tasked with designing an Augmented Reality (AR) interface for Unmanned Aerial Vehicle (UAV) imagery. This AR interface, called AerialAR, would label locales such as schools or hospitals in images or videos received from a UAV. This is important for disaster responders, as they needed the ability to remotely determine mission relevant locations such as schools which may need evacuating or hospitals where victims may be transported.\nI had never conducted research before so I was slightly anxious to start. In hindsight, research was very difficult for me. Along with my courses, research took up so much of my time that I hardly had any left to relax in the weekend. This is because the research demanded that I create a new set of equations based on geometric relations between the UAV and the locations in the imagery. This took a lot of study in the nature of optics, motion tracking, aviation terminology, and geo-positioning conventions.\nUltimately, I successfully implemented the interface and even submitted my findings to the CHI 2015 conference in South Korea. More importantly, I gained valuable experience as an engineer and as a person. Firstly, I gained a good work ethic. Throughout the progress of my research, I would periodically keep my professor updated with my findings. This required me to work hard every day in order to show significant results.\nSecondly, I learned good time management. This is important for me, as with my course load at the time, I had barely enough time to finish any of my work. Initially, I would have to stay up very late at night to complete my homework, finish my projects, and do my research. However, after coping with the work load, I learned to manage my time well. With good time management, I acquired a new perspective on responsibility. I now understand that being responsible sometimes calls for sacrificing a lot of recreational time to finish work.\nI also obtained good learning habits. Since my research required a lot of prior knowledge, I had to study many things in many different fields. Learning skills are essential for research, but also throughout life as well. I realize now that, similar to research, life is a journey of continuous learning. I noticed this as I would often receive ideas for my research from ordinary phenomena in everyday life.\nAbove all, I got to help people with real life problems using the skills that I know. This not only increased my determination in the field I’m studying, but also gave me a new perspective on life. I know now that life will be brighter when everyone is willing to help each other towards a common good.\n","date":1422144000,"expirydate":-62135596800,"kind":"page","lang":"en","lastmod":1422144000,"objectID":"a41f5ef613bd9fdf8062576cb8125a0b","permalink":"http://people.tamu.edu/~randyardywibowo/post/first-experience/","publishdate":"2015-01-25T00:00:00Z","relpermalink":"/~randyardywibowo/post/first-experience/","section":"post","summary":"In fall of 2014, I conducted research under Dr. Robin Murphy. This research was in the field of emergency informatics. In particular, I was tasked with designing an Augmented Reality (AR) interface for Unmanned Aerial Vehicle (UAV) imagery.","tags":["blog"],"title":"My First Experience as An Undergraduate Researcher","type":"post"},{"authors":null,"categories":null,"content":"","date":-62135596800,"expirydate":-62135596800,"kind":"page","lang":"en","lastmod":-62135596800,"objectID":"f26b5133c34eec1aa0a09390a36c2ade","permalink":"http://people.tamu.edu/~randyardywibowo/admin/config.yml","publishdate":"0001-01-01T00:00:00Z","relpermalink":"/~randyardywibowo/admin/config.yml","section":"","summary":"","tags":null,"title":"","type":"wowchemycms"}]