<?xml version="1.0" encoding="utf-8" standalone="yes" ?>
<rss version="2.0" xmlns:atom="http://www.w3.org/2005/Atom">
  <channel>
    <title>school | Randy Ardywibowo</title>
    <link>http://people.tamu.edu/~randyardywibowo/tag/school/</link>
      <atom:link href="http://people.tamu.edu/~randyardywibowo/tag/school/index.xml" rel="self" type="application/rss+xml" />
    <description>school</description>
    <generator>Wowchemy (https://wowchemy.com)</generator><language>en-us</language><copyright>© 2021 Randy Ardywibowo</copyright><lastBuildDate>Tue, 28 Mar 2017 12:00:00 +0000</lastBuildDate>
    <image>
      <url>http://people.tamu.edu/~randyardywibowo/media/icon_hu2d133e36a3bc1d258e5bb52f2c61da77_6522_512x512_fill_lanczos_center_2.png</url>
      <title>school</title>
      <link>http://people.tamu.edu/~randyardywibowo/tag/school/</link>
    </image>
    
    <item>
      <title>Ranch Hand: Monitoring Livestock in an Open Field</title>
      <link>http://people.tamu.edu/~randyardywibowo/post/ranch-hand/</link>
      <pubDate>Tue, 28 Mar 2017 12:00:00 +0000</pubDate>
      <guid>http://people.tamu.edu/~randyardywibowo/post/ranch-hand/</guid>
      <description>&lt;p&gt;Final senior design project sponsored by Texas Instruments. I created a web app that connects with a mesh network Internet of Things (IoT) through Amazon Web Service (AWS). [&lt;a href=&#34;http://people.tamu.edu/~randyardywibowo/papers/ranch-hand.pdf&#34;&gt;Report&lt;/a&gt;] [&lt;a href=&#34;https://github.com/ardywibowo/RanchHand&#34; target=&#34;_blank&#34; rel=&#34;noopener&#34;&gt;Source Code&lt;/a&gt;] [&lt;a href=&#34;https://www.youtube.com/watch?v=GD-po7wXn5k&#34; target=&#34;_blank&#34; rel=&#34;noopener&#34;&gt;Video&lt;/a&gt;] [&lt;a href=&#34;https://www.youtube.com/watch?v=EMdEP-M_pK0&#34; target=&#34;_blank&#34; rel=&#34;noopener&#34;&gt;Jason Barn&lt;/a&gt;].&lt;/p&gt;
&lt;h3 id=&#34;team-composition&#34;&gt;Team Composition&lt;/h3&gt;
&lt;p&gt;The team consisted of 4 people:&lt;/p&gt;
&lt;ul&gt;
&lt;li&gt;Jeff Bartlett: Mesh Network Subsystem&lt;/li&gt;
&lt;li&gt;Connor Furqueron: Power Subsystem&lt;/li&gt;
&lt;li&gt;Charles Anderson: Microcontroller Subsystem&lt;/li&gt;
&lt;li&gt;Randy Ardywibowo: Data Analysis/App Development&lt;/li&gt;
&lt;/ul&gt;
&lt;h3 id=&#34;methodology&#34;&gt;Methodology&lt;/h3&gt;
&lt;p&gt;In the following video, I have laid out the general procedure of the data processing part of this project. It mainly consists of data generation, optimal sensor placement, and trilateration algorithm.&lt;/p&gt;

&lt;div style=&#34;position: relative; padding-bottom: 56.25%; height: 0; overflow: hidden;&#34;&gt;
  &lt;iframe src=&#34;https://www.youtube.com/embed/GD-po7wXn5k&#34; style=&#34;position: absolute; top: 0; left: 0; width: 100%; height: 100%; border:0;&#34; allowfullscreen title=&#34;YouTube Video&#34;&gt;&lt;/iframe&gt;
&lt;/div&gt;

&lt;p&gt;An example of the main view of the web app is shown below:
&lt;img src=&#34;http://people.tamu.edu/~randyardywibowo/img/ranch-hand-main.png&#34; alt=&#34;Ranch Hand Main Web App View&#34;&gt;&lt;/p&gt;
&lt;h3 id=&#34;reflection&#34;&gt;Reflection&lt;/h3&gt;
&lt;p&gt;In the end, despite team difficulties, we finished an interesting IoT application.&lt;/p&gt;
&lt;p&gt;Here is a cool advertisement video/movie of our project. To be honest, the video doesn&amp;rsquo;t contain a lot of technical merit, but I would be wrong if I said that it isn&amp;rsquo;t amazing. Enjoy :).&lt;/p&gt;

&lt;div style=&#34;position: relative; padding-bottom: 56.25%; height: 0; overflow: hidden;&#34;&gt;
  &lt;iframe src=&#34;https://www.youtube.com/embed/EMdEP-M_pK0&#34; style=&#34;position: absolute; top: 0; left: 0; width: 100%; height: 100%; border:0;&#34; allowfullscreen title=&#34;YouTube Video&#34;&gt;&lt;/iframe&gt;
&lt;/div&gt;

</description>
    </item>
    
    <item>
      <title>Bone Reconstruction from Ultrasound Imagery</title>
      <link>http://people.tamu.edu/~randyardywibowo/post/bone-reconstruction/</link>
      <pubDate>Wed, 30 Nov 2016 12:00:00 +0000</pubDate>
      <guid>http://people.tamu.edu/~randyardywibowo/post/bone-reconstruction/</guid>
      <description>&lt;p&gt;I constructed a 3D representation of bone structure from ultrasound images. The ultrasound images were denoised using a Gabor filter based Generalized Linear Model (GLM) trained on a ground truth cross-section of bone image. [&lt;a href=&#34;https://github.com/ardywibowo/BoneReconstruction&#34; target=&#34;_blank&#34; rel=&#34;noopener&#34;&gt;Code&lt;/a&gt;] [&lt;a href=&#34;http://people.tamu.edu/~randyardywibowo/papers/GaborBone.pdf&#34;&gt;Report&lt;/a&gt;].&lt;/p&gt;
&lt;h3 id=&#34;methodology&#34;&gt;Methodology&lt;/h3&gt;
&lt;h3 id=&#34;reflection&#34;&gt;Reflection&lt;/h3&gt;
</description>
    </item>
    
  </channel>
</rss>
