<?xml version="1.0" encoding="utf-8" standalone="yes" ?>
<rss version="2.0" xmlns:atom="http://www.w3.org/2005/Atom">
  <channel>
    <title>7 | Randy Ardywibowo</title>
    <link>http://people.tamu.edu/~randyardywibowo/publication-type/7/</link>
      <atom:link href="http://people.tamu.edu/~randyardywibowo/publication-type/7/index.xml" rel="self" type="application/rss+xml" />
    <description>7</description>
    <generator>Wowchemy (https://wowchemy.com)</generator><language>en-us</language><copyright>© 2021 Randy Ardywibowo</copyright><lastBuildDate>Fri, 05 May 2017 00:00:00 +0000</lastBuildDate>
    <image>
      <url>http://people.tamu.edu/~randyardywibowo/media/icon_hu2d133e36a3bc1d258e5bb52f2c61da77_6522_512x512_fill_lanczos_center_2.png</url>
      <title>7</title>
      <link>http://people.tamu.edu/~randyardywibowo/publication-type/7/</link>
    </image>
    
    <item>
      <title>Analyzing Daily Behavioral Data for Personalized Health Management</title>
      <link>http://people.tamu.edu/~randyardywibowo/publication/analyzing-daily-behavioral-data-for-personalized-health-management/</link>
      <pubDate>Fri, 05 May 2017 00:00:00 +0000</pubDate>
      <guid>http://people.tamu.edu/~randyardywibowo/publication/analyzing-daily-behavioral-data-for-personalized-health-management/</guid>
      <description></description>
    </item>
    
  </channel>
</rss>
