<?xml version="1.0" encoding="utf-8" standalone="yes" ?>
<rss version="2.0" xmlns:atom="http://www.w3.org/2005/Atom">
  <channel>
    <title>awesome | Randy Ardywibowo</title>
    <link>http://people.tamu.edu/~randyardywibowo/tag/awesome/</link>
      <atom:link href="http://people.tamu.edu/~randyardywibowo/tag/awesome/index.xml" rel="self" type="application/rss+xml" />
    <description>awesome</description>
    <generator>Wowchemy (https://wowchemy.com)</generator><language>en-us</language><copyright>© 2021 Randy Ardywibowo</copyright><lastBuildDate>Sun, 20 Aug 2017 12:00:00 +0000</lastBuildDate>
    <image>
      <url>http://people.tamu.edu/~randyardywibowo/media/icon_hu2d133e36a3bc1d258e5bb52f2c61da77_6522_512x512_fill_lanczos_center_2.png</url>
      <title>awesome</title>
      <link>http://people.tamu.edu/~randyardywibowo/tag/awesome/</link>
    </image>
    
    <item>
      <title>Frank Stanford&#39;s New Editable Website with Meteor</title>
      <link>http://people.tamu.edu/~randyardywibowo/post/frank-stanford/</link>
      <pubDate>Sun, 20 Aug 2017 12:00:00 +0000</pubDate>
      <guid>http://people.tamu.edu/~randyardywibowo/post/frank-stanford/</guid>
      <description>&lt;p&gt;I have recently developed a Content Management System (CMS) from scratch specifically made for Frank&amp;rsquo;s artwork, travel pictures, and writing. I designed his website from scratch using barebones frontend/backend libraries as a challenge. [&lt;a href=&#34;http://frankstanford.com&#34; target=&#34;_blank&#34; rel=&#34;noopener&#34;&gt;Website&lt;/a&gt;] [&lt;a href=&#34;https://github.com/ardywibowo/FrankCMS&#34; target=&#34;_blank&#34; rel=&#34;noopener&#34;&gt;Source Code&lt;/a&gt;].&lt;/p&gt;
&lt;p&gt;Frank was a professor in sociology in College Station who has a lot of artwork, writing, and travel photos. His home was practically a museum! He was looking to update his previous website, as it had become outdated. It didn&amp;rsquo;t support different viewports (tablets and phones) and it was a total pain to edit/add items to his website (he had to hire a person to do it for him).&lt;/p&gt;
&lt;p&gt;The requirements for his website were particularly demanding. In addition to being responsive and working with different screen sizes, it also had to be editable. Moreover, the website was a sort of niche thing for Frank, so he didn&amp;rsquo;t want to spent a lot of money maintaining it. Finally, Frank wanted the ability to edit the website by himself, so the editing interface needed to be beautiful and fool-proof.&lt;/p&gt;
&lt;p&gt;Not finding a simple solution for the above requirements, this led me to develop a website and a CMS from scratch. Here are the requirements I laid out in building this website:&lt;/p&gt;
&lt;ol&gt;
&lt;li&gt;Editable&lt;/li&gt;
&lt;li&gt;Dynamic/Responsive&lt;/li&gt;
&lt;li&gt;Supports different screen sizes&lt;/li&gt;
&lt;li&gt;Modern/minimalistic style&lt;/li&gt;
&lt;li&gt;Easy editing user interface&lt;/li&gt;
&lt;/ol&gt;
&lt;p&gt;In hindsight, the requirements were very demanding to pull off compared to the commission he gave me :P. However, I enjoyed the entire process and I have become very comfortable with the entire process of making web apps fullstack.&lt;/p&gt;
&lt;h3 id=&#34;methodology&#34;&gt;Methodology&lt;/h3&gt;
&lt;h4 id=&#34;main-framework&#34;&gt;Main Framework&lt;/h4&gt;
&lt;p&gt;The main framework I used for this project is Meteor. This is an all-in-one framework that supports frontend and backend development. I used the Meteor Angular version of this framework and wrote it primarily in TypeScript.&lt;/p&gt;
&lt;p&gt;It is very useful if you want to quickly develop a web app that supports common features such as user accounts, reactive updates, database storage, etc.&lt;/p&gt;
&lt;h4 id=&#34;front-end&#34;&gt;Front End&lt;/h4&gt;
&lt;ul&gt;
&lt;li&gt;Angular 2&lt;/li&gt;
&lt;/ul&gt;
&lt;p&gt;I used Angular due to its support for modular components. Arguably, I read that React has the same features. However, I am more familiar with Angular&amp;rsquo;s syntax from previous experience. Moreover, Angular officially supports Material Design templates.&lt;/p&gt;
&lt;ul&gt;
&lt;li&gt;Material 2&lt;/li&gt;
&lt;/ul&gt;
&lt;p&gt;In this project, I wanted to go for a minimalistic design with primarily black and white colors to contrast the colorful pictures Frank has. In my opinion, Material design achieves this effect quite naturally.&lt;/p&gt;
&lt;ul&gt;
&lt;li&gt;Bourbon Neat&lt;/li&gt;
&lt;/ul&gt;
&lt;p&gt;Bourbon Neat is a great tool for general purpose CSS commands such as creating columns, assigning animations, and adjusting element proportions. It is style agnostic unlike Bootstrap which makes it less redundant when used with Material Design.&lt;/p&gt;
&lt;h4 id=&#34;back-end&#34;&gt;Back End&lt;/h4&gt;
&lt;ul&gt;
&lt;li&gt;MongoDB&lt;/li&gt;
&lt;/ul&gt;
&lt;p&gt;I used MongoDB for the database. It is very nice to get a new app up and running quickly. Adding new fields is as simple as just changing the model code in one file. Deployment wasn&amp;rsquo;t too difficult either, due to Meteor&amp;rsquo;s support of this database.&lt;/p&gt;
&lt;ul&gt;
&lt;li&gt;RxJS&lt;/li&gt;
&lt;/ul&gt;
&lt;p&gt;RxJS is used to support reactive updates between backend and frontend. It is very cool to see the web app update by itself on one window when you change something in another. All without any browser refresh! Meteor&amp;rsquo;s support for this framework was also good, although it takes some getting used to.&lt;/p&gt;
&lt;p&gt;Especially strange concepts to grasp are observables, which are like promises but you need to code them just right to make it work.&lt;/p&gt;
&lt;ul&gt;
&lt;li&gt;NginX&lt;/li&gt;
&lt;/ul&gt;
&lt;p&gt;NginX is used to run the web app during deployment. To be honest, the entire DevOps process was a complete pain. Thankfully, a lot of tutorials help you on this issue.&lt;/p&gt;
&lt;h4 id=&#34;hosting-service&#34;&gt;Hosting Service&lt;/h4&gt;
&lt;p&gt;I used &lt;strong&gt;Digital Ocean&lt;/strong&gt; to host the web app on Ubuntu Linux 14.04. It is very cheap for the quality. In fact, I think it may be the cheapest. No fluff and nothing you don&amp;rsquo;t need. In fact, due to many great free software, anything you need to track your website can be installed from the Terminal.&lt;/p&gt;
&lt;h3 id=&#34;screenshots&#34;&gt;Screenshots&lt;/h3&gt;
&lt;p&gt;An example of the main view of the dashboard is shown below&lt;/p&gt;
&lt;p&gt;&lt;img src=&#34;http://people.tamu.edu/~randyardywibowo/img/frank-stanford/frank-edit-menu.png&#34; alt=&#34;Frank Stanford Dashboard&#34;&gt;&lt;/p&gt;
&lt;p&gt;When an artwork is clicked on the dashboard, a modal is presented and we can edit it on the spot:&lt;/p&gt;
&lt;p&gt;&lt;img src=&#34;http://people.tamu.edu/~randyardywibowo/img/frank-stanford/frank-artwork-edit.png&#34; alt=&#34;Frank Stanford Edit Artwork&#34;&gt;&lt;/p&gt;
&lt;p&gt;Adding and removing artwork to an album is done through a list images in that category/album:&lt;/p&gt;
&lt;p&gt;&lt;img src=&#34;http://people.tamu.edu/~randyardywibowo/img/frank-stanford/frank-add-artwork.png&#34; alt=&#34;Frank Stanford Add To Album&#34;&gt;&lt;/p&gt;
&lt;p&gt;The dropdown menu that displays album contents also contain album edit features:&lt;/p&gt;
&lt;p&gt;&lt;img src=&#34;http://people.tamu.edu/~randyardywibowo/img/frank-stanford/frank-edit-album.png&#34; alt=&#34;Frank Stanford Album Edit&#34;&gt;&lt;/p&gt;
</description>
    </item>
    
    <item>
      <title>Autonomous Lighting Audits</title>
      <link>http://people.tamu.edu/~randyardywibowo/post/autonomous-lighting-audits/</link>
      <pubDate>Tue, 03 May 2016 12:00:00 +0000</pubDate>
      <guid>http://people.tamu.edu/~randyardywibowo/post/autonomous-lighting-audits/</guid>
      <description>&lt;p&gt;We developed a robot that automatically finds lights in a building using a camera and identifies their types using a spectrometer. The robot localizes itself and creates a map of the building through Simultaneous Localization and Mapping (SLAM) using a distance sensor. Developed wih C++ using OpenCV on the ROS platform. [&lt;a href=&#34;https://www.youtube.com/watch?v=1QDfSND6hYo&#34; target=&#34;_blank&#34; rel=&#34;noopener&#34;&gt;Video&lt;/a&gt;] [&lt;a href=&#34;https://www.youtube.com/watch?v=1x_Wfi2md0A&#34; target=&#34;_blank&#34; rel=&#34;noopener&#34;&gt;Demo&lt;/a&gt;] [&lt;a href=&#34;http://people.tamu.edu/~randyardywibowo/papers/Spring2016ReportPlus.pdf&#34;&gt;Report&lt;/a&gt;] [&lt;a href=&#34;http://people.tamu.edu/~randyardywibowo/papers/AggiE_ChallengePoster.pdf&#34;&gt;Poster&lt;/a&gt;].&lt;/p&gt;
&lt;h3 id=&#34;team-composition&#34;&gt;Team Composition&lt;/h3&gt;
&lt;h3 id=&#34;methodology&#34;&gt;Methodology&lt;/h3&gt;
&lt;h3 id=&#34;reflection&#34;&gt;Reflection&lt;/h3&gt;
&lt;p&gt;This was an important experience for me, as it was in this team that I met someone who was really passionate in doing research. He would ultimately influence my passion to do research.&lt;/p&gt;
</description>
    </item>
    
    <item>
      <title>MasjidPay: News, Events, and Donations from your Local Religious Institution</title>
      <link>http://people.tamu.edu/~randyardywibowo/post/masjid-pay/</link>
      <pubDate>Thu, 28 Jan 2016 12:00:00 +0000</pubDate>
      <guid>http://people.tamu.edu/~randyardywibowo/post/masjid-pay/</guid>
      <description>&lt;p&gt;I helped my friend&amp;rsquo;s startup company developing an app for news and donations from local religious institutions. [&lt;a href=&#34;https://masjidpay.com/&#34; target=&#34;_blank&#34; rel=&#34;noopener&#34;&gt;Website&lt;/a&gt;] [&lt;a href=&#34;https://itunes.apple.com/us/app/masjidpay/id1109868571?mt=8&#34; target=&#34;_blank&#34; rel=&#34;noopener&#34;&gt;Apple Store&lt;/a&gt;] [&lt;a href=&#34;https://play.google.com/store/apps/details?id=com.abangfadli.masjidpay&amp;amp;hl=en&#34; target=&#34;_blank&#34; rel=&#34;noopener&#34;&gt;Android&lt;/a&gt;].&lt;/p&gt;
&lt;h3 id=&#34;methodology&#34;&gt;Methodology&lt;/h3&gt;
&lt;h3 id=&#34;reflection&#34;&gt;Reflection&lt;/h3&gt;
</description>
    </item>
    
  </channel>
</rss>
