<?xml version="1.0" encoding="utf-8" standalone="yes" ?>
<rss version="2.0" xmlns:atom="http://www.w3.org/2005/Atom">
  <channel>
    <title>Categories | Randy Ardywibowo</title>
    <link>http://people.tamu.edu/~randyardywibowo/categories/</link>
      <atom:link href="http://people.tamu.edu/~randyardywibowo/categories/index.xml" rel="self" type="application/rss+xml" />
    <description>Categories</description>
    <generator>Wowchemy (https://wowchemy.com)</generator><language>en-us</language><copyright>© 2021 Randy Ardywibowo</copyright>
    <image>
      <url>http://people.tamu.edu/~randyardywibowo/media/icon_hu2d133e36a3bc1d258e5bb52f2c61da77_6522_512x512_fill_lanczos_center_2.png</url>
      <title>Categories</title>
      <link>http://people.tamu.edu/~randyardywibowo/categories/</link>
    </image>
    
  </channel>
</rss>
