<?xml version="1.0" encoding="utf-8" standalone="yes" ?>
<rss version="2.0" xmlns:atom="http://www.w3.org/2005/Atom">
  <channel>
    <title>2 | Randy Ardywibowo</title>
    <link>http://people.tamu.edu/~randyardywibowo/publication-type/2/</link>
      <atom:link href="http://people.tamu.edu/~randyardywibowo/publication-type/2/index.xml" rel="self" type="application/rss+xml" />
    <description>2</description>
    <generator>Wowchemy (https://wowchemy.com)</generator><language>en-us</language><copyright>© 2021 Randy Ardywibowo</copyright><lastBuildDate>Tue, 01 Oct 2019 00:00:00 +0000</lastBuildDate>
    <image>
      <url>http://people.tamu.edu/~randyardywibowo/media/icon_hu2d133e36a3bc1d258e5bb52f2c61da77_6522_512x512_fill_lanczos_center_2.png</url>
      <title>2</title>
      <link>http://people.tamu.edu/~randyardywibowo/publication-type/2/</link>
    </image>
    
    <item>
      <title>A Roadmap for Automatic Surgical Site Infection Detection and Evaluation Using User-Generated Incision Images</title>
      <link>http://people.tamu.edu/~randyardywibowo/publication/roadmap/</link>
      <pubDate>Tue, 01 Oct 2019 00:00:00 +0000</pubDate>
      <guid>http://people.tamu.edu/~randyardywibowo/publication/roadmap/</guid>
      <description></description>
    </item>
    
    <item>
      <title>Switching-State Dynamical Modeling of Daily Behavioral Data</title>
      <link>http://people.tamu.edu/~randyardywibowo/publication/switching-state/</link>
      <pubDate>Fri, 30 Mar 2018 00:00:00 +0000</pubDate>
      <guid>http://people.tamu.edu/~randyardywibowo/publication/switching-state/</guid>
      <description></description>
    </item>
    
  </channel>
</rss>
