<?xml version="1.0" encoding="utf-8" standalone="yes" ?>
<rss version="2.0" xmlns:atom="http://www.w3.org/2005/Atom">
  <channel>
    <title>1 | Randy Ardywibowo</title>
    <link>http://people.tamu.edu/~randyardywibowo/publication-type/1/</link>
      <atom:link href="http://people.tamu.edu/~randyardywibowo/publication-type/1/index.xml" rel="self" type="application/rss+xml" />
    <description>1</description>
    <generator>Wowchemy (https://wowchemy.com)</generator><language>en-us</language><copyright>© 2021 Randy Ardywibowo</copyright><lastBuildDate>Sat, 21 Nov 2020 00:00:00 +0000</lastBuildDate>
    <image>
      <url>http://people.tamu.edu/~randyardywibowo/media/icon_hu2d133e36a3bc1d258e5bb52f2c61da77_6522_512x512_fill_lanczos_center_2.png</url>
      <title>1</title>
      <link>http://people.tamu.edu/~randyardywibowo/publication-type/1/</link>
    </image>
    
    <item>
      <title>NADS: Neural Architecture Distribution Search for Uncertainty Awareness</title>
      <link>http://people.tamu.edu/~randyardywibowo/publication/nads/</link>
      <pubDate>Sat, 21 Nov 2020 00:00:00 +0000</pubDate>
      <guid>http://people.tamu.edu/~randyardywibowo/publication/nads/</guid>
      <description></description>
    </item>
    
    <item>
      <title>Learnable Bernoulli Dropout for Bayesian Deep Learning</title>
      <link>http://people.tamu.edu/~randyardywibowo/publication/lbd/</link>
      <pubDate>Wed, 03 Jun 2020 00:00:00 +0000</pubDate>
      <guid>http://people.tamu.edu/~randyardywibowo/publication/lbd/</guid>
      <description></description>
    </item>
    
    <item>
      <title>Adaptive Activity Monitoring with Uncertainty Quantification in Switching Gaussian Process Models</title>
      <link>http://people.tamu.edu/~randyardywibowo/publication/switching-gp/</link>
      <pubDate>Thu, 11 Apr 2019 00:00:00 +0000</pubDate>
      <guid>http://people.tamu.edu/~randyardywibowo/publication/switching-gp/</guid>
      <description></description>
    </item>
    
  </channel>
</rss>
